"Name","DisplayName","StartMode","State","PathName","Description","StartName","ServiceType"
"ALG","Application Layer Gateway Service","Manual","Stopped","C:\WINDOWS\System32\alg.exe","Provides support for 3rd party protocol plug-ins for Internet Connection Sharing","NT AUTHORITY\LocalService","Own Process"
"AppIDSvc","Application Identity","Manual","Stopped","C:\WINDOWS\system32\svchost.exe -k LocalServiceNetworkRestricted -p","Determines and verifies the identity of an application. Disabling this service will prevent AppLocker from being enforced.","NT Authority\LocalService","Share Process"
"Appinfo","Application Information","Manual","Running","C:\WINDOWS\system32\svchost.exe -k netsvcs -p","Facilitates the running of interactive applications with additional administrative privileges.  If this service is stopped, users will be unable to launch applications with the additional administrative privileges they may require to perform desired user tasks.","LocalSystem","Share Process"
"AppMgmt","Application Management","Manual","Stopped","C:\WINDOWS\system32\svchost.exe -k netsvcs -p","Processes installation, removal, and enumeration requests for software deployed through Group Policy. If the service is disabled, users will be unable to install, remove, or enumerate software deployed through Group Policy. If this service is disabled, any services that explicitly depend on it will fail to start.","LocalSystem","Share Process"
"AppReadiness","App Readiness","Manual","Running","C:\WINDOWS\System32\svchost.exe -k AppReadiness -p","Gets apps ready for use the first time a user signs in to this PC and when adding new apps.","LocalSystem","Share Process"
"AppVClient","Microsoft App-V Client","Disabled","Stopped","C:\WINDOWS\system32\AppVClient.exe","Manages App-V users and virtual applications","LocalSystem","Own Process"
"AppXSvc","AppX Deployment Service (AppXSVC)","Manual","Stopped","C:\WINDOWS\system32\svchost.exe -k wsappx -p","Provides infrastructure support for deploying Store applications. This service is started on demand and if disabled Store applications will not be deployed to the system, and may not function properly.","LocalSystem","Share Process"
"AudioEndpointBuilder","Windows Audio Endpoint Builder","Auto","Running","C:\WINDOWS\System32\svchost.exe -k LocalSystemNetworkRestricted -p","Manages audio devices for the Windows Audio service.  If this service is stopped, audio devices and effects will not function properly.  If this service is disabled, any services that explicitly depend on it will fail to start","LocalSystem","Share Process"
"Audiosrv","Windows Audio","Auto","Running","C:\WINDOWS\System32\svchost.exe -k LocalServiceNetworkRestricted -p","Manages audio for Windows-based programs.  If this service is stopped, audio devices and effects will not function properly.  If this service is disabled, any services that explicitly depend on it will fail to start","NT AUTHORITY\LocalService","Own Process"
"AxInstSV","ActiveX Installer (AxInstSV)","Manual","Stopped","C:\WINDOWS\system32\svchost.exe -k AxInstSVGroup","Provides User Account Control validation for the installation of ActiveX controls from the Internet and enables management of ActiveX control installation based on Group Policy settings. This service is started on demand and if disabled the installation of ActiveX controls will behave according to default browser settings.","LocalSystem","Share Process"
"BFE","Base Filtering Engine","Auto","Running","C:\WINDOWS\system32\svchost.exe -k LocalServiceNoNetworkFirewall -p","The Base Filtering Engine (BFE) is a service that manages firewall and Internet Protocol security (IPsec) policies and implements user mode filtering. Stopping or disabling the BFE service will significantly reduce the security of the system. It will also result in unpredictable behavior in IPsec management and firewall applications.","NT AUTHORITY\LocalService","Share Process"
"BITS","Background Intelligent Transfer Service","Manual","Stopped","C:\WINDOWS\System32\svchost.exe -k netsvcs -p","Transfers files in the background using idle network bandwidth. If the service is disabled, then any applications that depend on BITS, such as Windows Update or MSN Explorer, will be unable to automatically download programs and other information.","LocalSystem","Share Process"
"BrokerInfrastructure","Background Tasks Infrastructure Service","Auto","Running","C:\WINDOWS\system32\svchost.exe -k DcomLaunch -p","Windows infrastructure service that controls which background tasks can run on the system.","LocalSystem","Share Process"
"BTAGService","BTAGService","Manual","Stopped","C:\WINDOWS\system32\svchost.exe -k LocalServiceNetworkRestricted",,"NT AUTHORITY\LocalService","Share Process"
"BthAvctpSvc","BthAvctpSvc","Manual","Stopped","C:\WINDOWS\system32\svchost.exe -k LocalService -p",,"NT AUTHORITY\LocalService","Share Process"
"bthserv","Bluetooth Support Service","Manual","Stopped","C:\WINDOWS\system32\svchost.exe -k LocalService -p","The Bluetooth service supports discovery and association of remote Bluetooth devices.  Stopping or disabling this service may cause already installed Bluetooth devices to fail to operate properly and prevent new devices from being discovered or associated.","NT AUTHORITY\LocalService","Share Process"
"camsvc","Capability Access Manager Service","Manual","Running","C:\WINDOWS\system32\svchost.exe -k osprivacy -p","Provides facilities for managing UWP apps access to app capabilities as well as checking an app's access to specific app capabilities","LocalSystem","Share Process"
"CDPSvc","Connected Devices Platform Service","Auto","Running","C:\WINDOWS\system32\svchost.exe -k LocalService -p","This service is used for Connected Devices Platform scenarios","NT AUTHORITY\LocalService","Share Process"
"CertPropSvc","Certificate Propagation","Manual","Stopped","C:\WINDOWS\system32\svchost.exe -k netsvcs","Copies user certificates and root certificates from smart cards into the current user's certificate store, detects when a smart card is inserted into a smart card reader, and, if needed, installs the smart card Plug and Play minidriver.","LocalSystem","Share Process"
"ClipSVC","Client License Service (ClipSVC)","Manual","Running","C:\WINDOWS\System32\svchost.exe -k wsappx -p","Provides infrastructure support for the Microsoft Store. This service is started on demand and if disabled applications bought using the Microsoft Store will not behave correctly.","LocalSystem","Share Process"
"COMSysApp","COM+ System Application","Manual","Stopped","C:\WINDOWS\system32\dllhost.exe /Processid:{02D4B3F1-FD88-11D1-960D-00805FC79235}","Manages the configuration and tracking of Component Object Model (COM)+-based components. If the service is stopped, most COM+-based components will not function properly. If this service is disabled, any services that explicitly depend on it will fail to start.","LocalSystem","Own Process"
"CoreMessagingRegistrar","CoreMessaging","Auto","Running","C:\WINDOWS\system32\svchost.exe -k LocalServiceNoNetwork -p","Manages communication between system components.","NT AUTHORITY\LocalService","Share Process"
"CryptSvc","Cryptographic Services","Auto","Running","C:\WINDOWS\system32\svchost.exe -k NetworkService -p","Provides three management services: Catalog Database Service, which confirms the signatures of Windows files and allows new programs to be installed; Protected Root Service, which adds and removes Trusted Root Certification Authority certificates from this computer; and Automatic Root Certificate Update Service, which retrieves root certificates from Windows Update and enable scenarios such as SSL. If this service is stopped, these management services will not function properly. If this service is disabled, any services that explicitly depend on it will fail to start.","NT Authority\NetworkService","Own Process"
"CscService","Offline Files","Disabled","Stopped","C:\WINDOWS\System32\svchost.exe -k LocalSystemNetworkRestricted -p","The Offline Files service performs maintenance activities on the Offline Files cache, responds to user logon and logoff events, implements the internals of the public API, and dispatches interesting events to those interested in Offline Files activities and changes in cache state.","LocalSystem","Share Process"
"DcomLaunch","DCOM Server Process Launcher","Auto","Running","C:\WINDOWS\system32\svchost.exe -k DcomLaunch -p","The DCOMLAUNCH service launches COM and DCOM servers in response to object activation requests. If this service is stopped or disabled, programs using COM or DCOM will not function properly. It is strongly recommended that you have the DCOMLAUNCH service running.","LocalSystem","Share Process"
"dcsvc","Declared Configuration(DC) service","Manual","Stopped","C:\WINDOWS\system32\svchost.exe -k netsvcs -p","Process Declared Configuration documents recevied from MDM and other channels and perform configurations on device","LocalSystem","Own Process"
"defragsvc","Optimize drives","Manual","Stopped","C:\WINDOWS\system32\svchost.exe -k defragsvc","Helps the computer run more efficiently by optimizing files on storage drives.","localSystem","Own Process"
"DeviceAssociationService","Device Association Service","Manual","Stopped","C:\WINDOWS\system32\svchost.exe -k LocalSystemNetworkRestricted -p","Enables pairing between the system and wired or wireless devices.","LocalSystem","Share Process"
"DeviceInstall","Device Install Service","Manual","Running","C:\WINDOWS\system32\svchost.exe -k DcomLaunch -p","Enables a computer to recognize and adapt to hardware changes with little or no user input. Stopping or disabling this service will result in system instability.","LocalSystem","Share Process"
"DevQueryBroker","DevQuery Background Discovery Broker","Manual","Stopped","C:\WINDOWS\system32\svchost.exe -k LocalSystemNetworkRestricted -p","Enables apps to discover devices with a backgroud task","LocalSystem","Share Process"
"Dhcp","DHCP Client","Auto","Running","C:\WINDOWS\system32\svchost.exe -k LocalServiceNetworkRestricted -p","Registers and updates IP addresses and DNS records for this computer. If this service is stopped, this computer will not receive dynamic IP addresses and DNS updates. If this service is disabled, any services that explicitly depend on it will fail to start.","NT Authority\LocalService","Share Process"
"DiagTrack","Connected User Experiences and Telemetry","Auto","Running","C:\WINDOWS\System32\svchost.exe -k utcsvc -p","The Connected User Experiences and Telemetry service enables features that support in-application and connected user experiences. Additionally, this service manages the event driven collection and transmission of diagnostic and usage information (used to improve the experience and quality of the Windows Platform) when the diagnostics and usage privacy option settings are enabled under Feedback and Diagnostics.","LocalSystem","Own Process"
"DispBrokerDesktopSvc","Display Policy Service","Auto","Running","C:\WINDOWS\system32\svchost.exe -k LocalService -p","Manages the connection and configuration of local and remote displays","NT AUTHORITY\LocalService","Share Process"
"DisplayEnhancementService","DisplayEnhancementService","Manual","Stopped","C:\WINDOWS\system32\svchost.exe -k LocalSystemNetworkRestricted -p",,"LocalSystem","Share Process"
"DmEnrollmentSvc","Device Management Enrollment Service","Manual","Stopped","C:\WINDOWS\system32\svchost.exe -k netsvcs -p","Performs Device Enrollment Activities for Device Management","LocalSystem","Own Process"
"dmwappushservice","Device Management Wireless Application Protocol (WAP) Push message Routing Service","Manual","Stopped","C:\WINDOWS\system32\svchost.exe -k netsvcs -p","Routes Wireless Application Protocol (WAP) Push messages received by the device and synchronizes Device Management sessions","LocalSystem","Share Process"
"Dnscache","DNS Client","Auto","Running","C:\WINDOWS\system32\svchost.exe -k NetworkService -p","The DNS Client service (dnscache) sends Domain Name System (DNS) queries, caches query results, and registers the computer's full name on the network. This service is not stoppable.","NT AUTHORITY\NetworkService","Own Process"
"DoSvc","Delivery Optimization","Manual","Stopped","C:\WINDOWS\System32\svchost.exe -k NetworkService -p","Performs content delivery optimization tasks","NT Authority\NetworkService","Own Process"
"dot3svc","Wired AutoConfig","Manual","Stopped","C:\WINDOWS\system32\svchost.exe -k LocalSystemNetworkRestricted -p","The Wired AutoConfig (DOT3SVC) service is responsible for performing IEEE 802.1X authentication on Ethernet interfaces. If your current wired network deployment enforces 802.1X authentication, the DOT3SVC service should be configured to run for establishing Layer 2 connectivity and/or providing access to network resources. Wired networks that do not enforce 802.1X authentication are unaffected by the DOT3SVC service.","localSystem","Share Process"
"DPS","Diagnostic Policy Service","Auto","Running","C:\WINDOWS\System32\svchost.exe -k LocalServiceNoNetwork -p","The Diagnostic Policy Service enables problem detection, troubleshooting and resolution for Windows components.  If this service is stopped, diagnostics will no longer function.","NT AUTHORITY\LocalService","Share Process"
"DsmSvc","Device Setup Manager","Manual","Running","C:\WINDOWS\system32\svchost.exe -k netsvcs -p","Enables the detection, download and installation of device-related software. If this service is disabled, devices may be configured with outdated software, and may not work correctly.","LocalSystem","Share Process"
"DsSvc","Data Sharing Service","Manual","Stopped","C:\WINDOWS\System32\svchost.exe -k LocalSystemNetworkRestricted -p","Provides data brokering between applications.","LocalSystem","Share Process"
"EapHost","Extensible Authentication Protocol","Manual","Stopped","C:\WINDOWS\System32\svchost.exe -k netsvcs -p","The Extensible Authentication Protocol (EAP) service provides network authentication in such scenarios as 802.1x wired and wireless, VPN, and Network Access Protection (NAP).  EAP also provides application programming interfaces (APIs) that are used by network access clients, including wireless and VPN clients, during the authentication process.  If you disable this service, this computer is prevented from accessing networks that require EAP authentication.","localSystem","Share Process"
"edgeupdate","Microsoft Edge Update Service (edgeupdate)","Auto","Stopped","""C:\Program Files (x86)\Microsoft\EdgeUpdate\MicrosoftEdgeUpdate.exe"" /svc","Keeps your Microsoft software up to date. If this service is disabled or stopped, your Microsoft software will not be kept up to date, meaning security vulnerabilities that may arise cannot be fixed and features may not work. This service uninstalls itself when there is no Microsoft software using it.","LocalSystem","Own Process"
"edgeupdatem","Microsoft Edge Update Service (edgeupdatem)","Manual","Stopped","""C:\Program Files (x86)\Microsoft\EdgeUpdate\MicrosoftEdgeUpdate.exe"" /medsvc","Keeps your Microsoft software up to date. If this service is disabled or stopped, your Microsoft software will not be kept up to date, meaning security vulnerabilities that may arise cannot be fixed and features may not work. This service uninstalls itself when there is no Microsoft software using it.","LocalSystem","Own Process"
"EFS","Encrypting File System (EFS)","Manual","Stopped","C:\WINDOWS\System32\lsass.exe","Provides the core file encryption technology used to store encrypted files on NTFS file system volumes. If this service is stopped or disabled, applications will be unable to access encrypted files.","LocalSystem","Share Process"
"embeddedmode","Embedded Mode","Manual","Stopped","C:\WINDOWS\System32\svchost.exe -k LocalSystemNetworkRestricted -p","The Embedded Mode service enables scenarios related to Background Applications.  Disabling this service will prevent Background Applications from being activated.","LocalSystem","Share Process"
"EntAppSvc","Enterprise App Management Service","Manual","Stopped","C:\WINDOWS\system32\svchost.exe -k appmodel -p","Enables enterprise application management.","LocalSystem","Share Process"
"EventLog","Windows Event Log","Auto","Running","C:\WINDOWS\System32\svchost.exe -k LocalServiceNetworkRestricted -p","This service manages events and event logs. It supports logging events, querying events, subscribing to events, archiving event logs, and managing event metadata. It can display events in both XML and plain text format. Stopping this service may compromise security and reliability of the system.","NT AUTHORITY\LocalService","Share Process"
"EventSystem","COM+ Event System","Auto","Running","C:\WINDOWS\system32\svchost.exe -k LocalService -p","Supports System Event Notification Service (SENS), which provides automatic distribution of events to subscribing Component Object Model (COM) components. If the service is stopped, SENS will close and will not be able to provide logon and logoff notifications. If this service is disabled, any services that explicitly depend on it will fail to start.","NT AUTHORITY\LocalService","Share Process"
"fdPHost","Function Discovery Provider Host","Manual","Stopped","C:\WINDOWS\system32\svchost.exe -k LocalService -p","The FDPHOST service hosts the Function Discovery (FD) network discovery providers. These FD providers supply network discovery services for the Simple Services Discovery Protocol (SSDP) and Web Services ? Discovery (WS-D) protocol. Stopping or disabling the FDPHOST service will disable network discovery for these protocols when using FD. When this service is unavailable, network services using FD and relying on these discovery protocols will be unable to find network devices or resources.","NT AUTHORITY\LocalService","Share Process"
"FDResPub","Function Discovery Resource Publication","Manual","Stopped","C:\WINDOWS\system32\svchost.exe -k LocalServiceAndNoImpersonation -p","Publishes this computer and resources attached to this computer so they can be discovered over the network.  If this service is stopped, network resources will no longer be published and they will not be discovered by other computers on the network.","NT AUTHORITY\LocalService","Share Process"
"FontCache","Windows Font Cache Service","Auto","Running","C:\WINDOWS\system32\svchost.exe -k LocalService -p","Optimizes performance of applications by caching commonly used font data. Applications will start this service if it is not already running. It can be disabled, though doing so will degrade application performance.","NT AUTHORITY\LocalService","Share Process"
"FrameServer","Windows Camera Frame Server","Manual","Stopped","C:\WINDOWS\System32\svchost.exe -k Camera","Enables multiple clients to access video frames from camera devices.","NT AUTHORITY\LocalService","Share Process"
"FrameServerMonitor","Windows Camera Frame Server Monitor","Manual","Stopped","C:\WINDOWS\System32\svchost.exe -k CameraMonitor","Monitors the health and state for the Windows Camera Frame Server service.","LocalSystem","Own Process"
"GameInputSvc","GameInput Service","Manual","Stopped","C:\WINDOWS\System32\GameInputSvc.exe","Enables keyboards, mice, gamepads, and other input devices to be used with the GameInput API.","LocalSystem","Own Process"
"gpsvc","Group Policy Client","Auto","Running","C:\WINDOWS\system32\svchost.exe -k GPSvcGroup","The service is responsible for applying settings configured by administrators for the computer and users through the Group Policy component. If the service is disabled, the settings will not be applied and applications and components will not be manageable through Group Policy. Any components or applications that depend on the Group Policy component might not be functional if the service is disabled.","LocalSystem","Own Process"
"GraphicsPerfSvc","GraphicsPerfSvc","Manual","Stopped","C:\WINDOWS\System32\svchost.exe -k GraphicsPerfSvcGroup","Graphics performance monitor service","LocalSystem","Share Process"
"hidserv","Human Interface Device Service","Manual","Stopped","C:\WINDOWS\system32\svchost.exe -k LocalSystemNetworkRestricted -p","Activates and maintains the use of hot buttons on keyboards, remote controls, and other multimedia devices. It is recommended that you keep this service running.","LocalSystem","Share Process"
"HvHost","HV Host Service","Manual","Stopped","C:\WINDOWS\system32\svchost.exe -k LocalSystemNetworkRestricted -p","Provides an interface for the Hyper-V hypervisor to provide per-partition performance counters to the host operating system.","LocalSystem","Share Process"
"IKEEXT","IKE and AuthIP IPsec Keying Modules","Manual","Stopped","C:\WINDOWS\system32\svchost.exe -k netsvcs -p","The IKEEXT service hosts the Internet Key Exchange (IKE) and Authenticated Internet Protocol (AuthIP) keying modules. These keying modules are used for authentication and key exchange in Internet Protocol security (IPsec). Stopping or disabling the IKEEXT service will disable IKE and AuthIP key exchange with peer computers. IPsec is typically configured to use IKE or AuthIP; therefore, stopping or disabling the IKEEXT service might result in an IPsec failure and might compromise the security of the system. It is strongly recommended that you have the IKEEXT service running.","LocalSystem","Share Process"
"InstallService","Microsoft Store Install Service","Manual","Running","C:\WINDOWS\System32\svchost.exe -k netsvcs -p","Provides infrastructure support for the Microsoft Store.  This service is started on demand and if disabled then installations will not function properly.","LocalSystem","Own Process"
"InventorySvc","Inventory and Compatibility Appraisal service","Manual","Stopped","C:\WINDOWS\system32\svchost.exe -k InvSvcGroup -p","This service performs background system inventory, compatibility appraisal, and maintenance used by numerous system components.","LocalSystem","Share Process"
"iphlpsvc","IP Helper","Auto","Running","C:\WINDOWS\System32\svchost.exe -k NetSvcs -p","Provides tunnel connectivity using IPv6 transition technologies (6to4, ISATAP, Port Proxy, and Teredo), and IP-HTTPS. If this service is stopped, the computer will not have the enhanced connectivity benefits that these technologies offer.","LocalSystem","Share Process"
"KeyIso","CNG Key Isolation","Manual","Running","C:\WINDOWS\system32\lsass.exe","The CNG key isolation service is hosted in the LSA process. The service provides key process isolation to private keys and associated cryptographic operations as required by the Common Criteria. The service stores and uses long-lived keys in a secure process complying with Common Criteria requirements.","LocalSystem","Share Process"
"KPSSVC","KDC Proxy Server service (KPS)","Manual","Stopped","C:\WINDOWS\system32\svchost.exe -k KpsSvcGroup","KDC Proxy Server service runs on edge servers to proxy Kerberos protocol messages to domain controllers on the corporate network.","NT AUTHORITY\NetworkService","Share Process"
"KtmRm","KtmRm for Distributed Transaction Coordinator","Manual","Stopped","C:\WINDOWS\System32\svchost.exe -k NetworkServiceAndNoImpersonation -p","Coordinates transactions between the Distributed Transaction Coordinator (MSDTC) and the Kernel Transaction Manager (KTM). If it is not needed, it is recommended that this service remain stopped. If it is needed, both MSDTC and KTM will start this service automatically. If this service is disabled, any MSDTC transaction interacting with a Kernel Resource Manager will fail and any services that explicitly depend on it will fail to start.","NT AUTHORITY\NetworkService","Share Process"
"LanmanServer","Server","Auto","Running","C:\WINDOWS\System32\svchost.exe -k smbsvcs","Supports file, print, and named-pipe sharing over the network for this computer. If this service is stopped, these functions will be unavailable. If this service is disabled, any services that explicitly depend on it will fail to start.","LocalSystem","Share Process"
"LanmanWorkstation","Workstation","Auto","Running","C:\WINDOWS\System32\svchost.exe -k NetworkService -p","Creates and maintains client network connections to remote servers using the SMB protocol. If this service is stopped, these connections will be unavailable. If this service is disabled, any services that explicitly depend on it will fail to start.","NT AUTHORITY\NetworkService","Share Process"
"lfsvc","Geolocation Service","Manual","Stopped","C:\WINDOWS\system32\svchost.exe -k netsvcs -p","This service monitors the current location of the system and manages geofences (a geographical location with associated events).  If you turn off this service, applications will be unable to use or receive notifications for geolocation or geofences.","LocalSystem","Share Process"
"LicenseManager","Windows License Manager Service","Manual","Running","C:\WINDOWS\System32\svchost.exe -k LocalService -p","Provides infrastructure support for the Microsoft Store.  This service is started on demand and if disabled then content acquired through the Microsoft Store will not function properly.","NT Authority\LocalService","Share Process"
"lltdsvc","Link-Layer Topology Discovery Mapper","Manual","Stopped","C:\WINDOWS\System32\svchost.exe -k LocalService -p","Creates a Network Map, consisting of PC and device topology (connectivity) information, and metadata describing each PC and device.  If this service is disabled, the Network Map will not function properly.","NT AUTHORITY\LocalService","Share Process"
"lmhosts","TCP/IP NetBIOS Helper","Manual","Running","C:\WINDOWS\System32\svchost.exe -k LocalServiceNetworkRestricted -p","Provides support for the NetBIOS over TCP/IP (NetBT) service and NetBIOS name resolution for clients on the network, therefore enabling users to share files, print, and log on to the network. If this service is stopped, these functions might be unavailable. If this service is disabled, any services that explicitly depend on it will fail to start.","NT AUTHORITY\LocalService","Share Process"
"LocalKdc","Kerberos Local Key Distribution Center","Manual","Stopped","C:\WINDOWS\System32\lsass.exe","This service enables users to log on to the local machine using the Kerberos authentication protocol. If this service is stopped, users will be unable to log on to the local machine. If this service is disabled, any services that explicitly depend on it will fail to start.","LocalSystem","Share Process"
"LSM","Local Session Manager","Auto","Running","C:\WINDOWS\system32\svchost.exe -k DcomLaunch -p","Core Windows Service that manages local user sessions. Stopping or disabling this service will result in system instability.","LocalSystem","Share Process"
"LxpSvc","LxpSvc","Manual","Stopped","C:\WINDOWS\system32\svchost.exe -k netsvcs",,"LocalSystem","Share Process"
"MapsBroker","Downloaded Maps Manager","Disabled","Stopped","C:\WINDOWS\System32\svchost.exe -k NetworkService -p","Windows service for application access to downloaded maps. This service is started on-demand by application accessing downloaded maps. Disabling this service will prevent apps from accessing maps.","NT AUTHORITY\NetworkService","Own Process"
"McpManagementService","McpManagementService","Manual","Stopped","C:\WINDOWS\system32\svchost.exe -k McpManagementServiceGroup","Universal Print Management Service","LocalSystem","Own Process"
"MicrosoftEdgeElevationService","Microsoft Edge Elevation Service (MicrosoftEdgeElevationService)","Manual","Stopped","""C:\Program Files (x86)\Microsoft\Edge\Application\122.0.2365.106\elevation_service.exe""","Keeps Microsoft Edge up to update. If this service is disabled, the application will not be kept up to date.","LocalSystem","Own Process"
"mpssvc","Windows Defender Firewall","Auto","Running","C:\WINDOWS\system32\svchost.exe -k LocalServiceNoNetworkFirewall -p","Windows Defender Firewall helps protect your computer by preventing unauthorized users from gaining access to your computer through the Internet or a network.","NT Authority\LocalService","Share Process"
"MSDTC","Distributed Transaction Coordinator","Auto","Running","C:\WINDOWS\System32\msdtc.exe","Coordinates transactions that span multiple resource managers, such as databases, message queues, and file systems. If this service is stopped, these transactions will fail. If this service is disabled, any services that explicitly depend on it will fail to start.","NT AUTHORITY\NetworkService","Own Process"
"MSiSCSI","Microsoft iSCSI Initiator Service","Manual","Stopped","C:\WINDOWS\system32\svchost.exe -k netsvcs -p","Manages Internet SCSI (iSCSI) sessions from this computer to remote iSCSI target devices. If this service is stopped, this computer will not be able to login or access iSCSI targets. If this service is disabled, any services that explicitly depend on it will fail to start.","LocalSystem","Share Process"
"msiserver","Windows Installer","Manual","Stopped","C:\WINDOWS\system32\msiexec.exe /V","Adds, modifies, and removes applications provided as a Windows Installer (*.msi, *.msp) package. If this service is disabled, any services that explicitly depend on it will fail to start.","LocalSystem","Own Process"
"NaturalAuthentication","NaturalAuthentication","Manual","Stopped","C:\WINDOWS\system32\svchost.exe -k netsvcs -p",,"LocalSystem","Share Process"
"NcaSvc","Network Connectivity Assistant","Manual","Stopped","C:\WINDOWS\System32\svchost.exe -k NetSvcs -p","Provides DirectAccess status notification for UI components","LocalSystem","Share Process"
"NcbService","Network Connection Broker","Manual","Running","C:\WINDOWS\System32\svchost.exe -k LocalSystemNetworkRestricted -p","Brokers connections that allow packaged Microsoft Store apps to receive notifications from the internet.","LocalSystem","Share Process"
"Netlogon","Netlogon","Manual","Stopped","C:\WINDOWS\system32\lsass.exe","Maintains a secure channel between this computer and the domain controller for authenticating users and services. If this service is stopped, the computer may not authenticate users and services and the domain controller cannot register DNS records. If this service is disabled, any services that explicitly depend on it will fail to start.","LocalSystem","Share Process"
"Netman","Network Connections","Manual","Stopped","C:\WINDOWS\System32\svchost.exe -k LocalSystemNetworkRestricted -p","Manages objects in the Network and Dial-Up Connections folder, in which you can view both local area network and remote connections.","LocalSystem","Share Process"
"netprofm","Network List Service","Manual","Running","C:\WINDOWS\System32\svchost.exe -k netprofm -p","Identifies the networks to which the computer has connected, collects and stores properties for these networks, and notifies applications when these properties change.","NT AUTHORITY\NetworkService","Share Process"
"NetSetupSvc","Network Setup Service","Manual","Stopped","C:\WINDOWS\System32\svchost.exe -k netsvcs -p","The Network Setup Service manages the installation of network drivers and permits the configuration of low-level network settings.  If this service is stopped, any driver installations that are in-progress may be cancelled.","LocalSystem","Share Process"
"NetTcpPortSharing","Net.Tcp Port Sharing Service","Disabled","Stopped","C:\WINDOWS\Microsoft.NET\Framework64\v4.0.30319\SMSvcHost.exe","Provides ability to share TCP ports over the net.tcp protocol.","NT AUTHORITY\LocalService","Share Process"
"NgcCtnrSvc","NgcCtnrSvc","Manual","Running","C:\WINDOWS\system32\svchost.exe -k LocalServiceNetworkRestricted -p",,"NT AUTHORITY\LocalService","Share Process"
"NgcSvc","NgcSvc","Manual","Stopped","C:\WINDOWS\system32\svchost.exe -k LocalSystemNetworkRestricted -p",,"LocalSystem","Share Process"
"NlaSvc","Network Location Awareness","Manual","Stopped","C:\WINDOWS\System32\svchost.exe -k netprofm -p","Collects and stores configuration information for the network and notifies programs when this information is modified. If this service is stopped, configuration information might be unavailable. If this service is disabled, any services that explicitly depend on it will fail to start.","NT AUTHORITY\NetworkService","Share Process"
"nsi","Network Store Interface Service","Auto","Running","C:\WINDOWS\system32\svchost.exe -k LocalService -p","This service delivers network notifications (e.g. interface addition/deleting etc) to user mode clients. Stopping this service will cause loss of network connectivity. If this service is disabled, any other services that explicitly depend on this service will fail to start.","NT Authority\LocalService","Share Process"
"PcaSvc","Program Compatibility Assistant Service","Auto","Running","C:\WINDOWS\system32\svchost.exe -k LocalSystemNetworkRestricted -p","This service provides support for the Program Compatibility Assistant (PCA).  PCA monitors programs installed and run by the user and detects known compatibility problems. If this service is stopped, PCA will not function properly.","LocalSystem","Share Process"
"PerfHost","Performance Counter DLL Host","Manual","Stopped","C:\WINDOWS\SysWow64\perfhost.exe","Enables remote users and 64-bit processes to query performance counters provided by 32-bit DLLs. If this service is stopped, only local users and 32-bit processes will be able to query performance counters provided by 32-bit DLLs.","NT AUTHORITY\LocalService","Own Process"
"pla","Performance Logs & Alerts","Manual","Stopped","C:\WINDOWS\System32\svchost.exe -k LocalServiceNoNetwork -p","Performance Logs and Alerts Collects performance data from local or remote computers based on preconfigured schedule parameters, then writes the data to a log or triggers an alert. If this service is stopped, performance information will not be collected. If this service is disabled, any services that explicitly depend on it will fail to start.","NT AUTHORITY\LocalService","Share Process"
"PlugPlay","Plug and Play","Manual","Running","C:\WINDOWS\system32\svchost.exe -k DcomLaunch -p","Enables a computer to recognize and adapt to hardware changes with little or no user input. Stopping or disabling this service will result in system instability.","LocalSystem","Share Process"
"PolicyAgent","IPsec Policy Agent","Manual","Stopped","C:\WINDOWS\system32\svchost.exe -k NetworkServiceNetworkRestricted -p","Internet Protocol security (IPsec) supports network-level peer authentication, data origin authentication, data integrity, data confidentiality (encryption), and replay protection.  This service enforces IPsec policies created through the IP Security Policies snap-in or the command-line tool ""netsh ipsec"".  If you stop this service, you may experience network connectivity issues if your policy requires that connections use IPsec.  Also,remote management of Windows Defender Firewall is not available when this service is stopped.","NT Authority\NetworkService","Share Process"
"Power","Power","Auto","Running","C:\WINDOWS\system32\svchost.exe -k DcomLaunch -p","Manages power policy and power policy notification delivery.","LocalSystem","Share Process"
"PrintDeviceConfigurationService","Print Device Configuration Service","Manual","Stopped","C:\WINDOWS\System32\svchost.exe -k LocalSystemNetworkRestricted -p","The Print Device Configuration Service manages the installation of IPP and UP printers. If this service is stopped, any printer installations that are in-progress may be canceled.","LocalSystem","Share Process"
"PrintScanBrokerService","PrintScanBrokerService","Manual","Stopped","C:\WINDOWS\system32\svchost.exe -k LocalSystemNetworkRestricted -p","Provides support for secure privileged operations needed by low priv spooler.","LocalSystem","Share Process"
"ProfSvc","User Profile Service","Auto","Running","C:\WINDOWS\system32\svchost.exe -k UserProfileService -p","This service is responsible for loading and unloading user profiles. If this service is stopped or disabled, users will no longer be able to successfully sign in or sign out, apps might have problems getting to users' data, and components registered to receive profile event notifications won't receive them.","LocalSystem","Share Process"
"PushToInstall","Windows PushToInstall Service","Manual","Stopped","C:\WINDOWS\System32\svchost.exe -k netsvcs -p","Provides infrastructure support for the Microsoft Store.  This service is started automatically and if disabled then remote installations will not function properly.","LocalSystem","Share Process"
"QWAVE","Quality Windows Audio Video Experience","Manual","Stopped","C:\WINDOWS\system32\svchost.exe -k LocalServiceAndNoImpersonation -p","Quality Windows Audio Video Experience (qWave) is a networking platform for Audio Video (AV) streaming applications on IP home networks. qWave enhances AV streaming performance and reliability by ensuring network quality-of-service (QoS) for AV applications. It provides mechanisms for admission control, run time monitoring and enforcement, application feedback, and traffic prioritization.","NT AUTHORITY\LocalService","Share Process"
"RasAuto","Remote Access Auto Connection Manager","Manual","Stopped","C:\WINDOWS\System32\svchost.exe -k netsvcs -p","Creates a connection to a remote network whenever a program references a remote DNS or NetBIOS name or address.","localSystem","Share Process"
"RasMan","Remote Access Connection Manager","Manual","Stopped","C:\WINDOWS\System32\svchost.exe -k netsvcs","Manages dial-up and virtual private network (VPN) connections from this computer to the Internet or other remote networks. If this service is disabled, any services that explicitly depend on it will fail to start.","localSystem","Share Process"
"refsdedupsvc","ReFS Dedup Service","Manual","Stopped","C:\WINDOWS\System32\ReFsDedupSvc.exe","ReFS data deduplication and compression service to track file changes and run scheduled optimization jobs.","LocalSystem","Own Process"
"RemoteAccess","Routing and Remote Access","Disabled","Stopped","C:\WINDOWS\System32\svchost.exe -k netsvcs","Offers routing services to businesses in local area and wide area network environments.","localSystem","Share Process"
"RemoteRegistry","Remote Registry","Auto","Stopped","C:\WINDOWS\system32\svchost.exe -k localService -p","Enables remote users to modify registry settings on this computer. If this service is stopped, the registry can be modified only by users on this computer. If this service is disabled, any services that explicitly depend on it will fail to start.","NT AUTHORITY\LocalService","Share Process"
"RmSvc","Radio Management Service","Manual","Running","C:\WINDOWS\System32\svchost.exe -k LocalServiceNetworkRestricted","Radio Management and Airplane Mode Service","NT AUTHORITY\LocalService","Share Process"
"RpcEptMapper","RPC Endpoint Mapper","Auto","Running","C:\WINDOWS\system32\svchost.exe -k RPCSS -p","Resolves RPC interfaces identifiers to transport endpoints. If this service is stopped or disabled, programs using Remote Procedure Call (RPC) services will not function properly.","NT AUTHORITY\NetworkService","Share Process"
"RpcLocator","Remote Procedure Call (RPC) Locator","Manual","Stopped","C:\WINDOWS\system32\locator.exe","In Windows 2003 and earlier versions of Windows, the Remote Procedure Call (RPC) Locator service manages the RPC name service database. In Windows Vista and later versions of Windows, this service does not provide any functionality and is present for application compatibility.","NT AUTHORITY\NetworkService","Own Process"
"RpcSs","Remote Procedure Call (RPC)","Auto","Running","C:\WINDOWS\system32\svchost.exe -k rpcss -p","The RPCSS service is the Service Control Manager for COM and DCOM servers. It performs object activations requests, object exporter resolutions and distributed garbage collection for COM and DCOM servers. If this service is stopped or disabled, programs using COM or DCOM will not function properly. It is strongly recommended that you have the RPCSS service running.","NT AUTHORITY\NetworkService","Share Process"
"RSoPProv","Resultant Set of Policy Provider","Manual","Stopped","C:\WINDOWS\system32\RSoPProv.exe","Provides a network service that processes requests to simulate application of Group Policy settings for a target user or computer in various situations and computes the Resultant Set of Policy settings.","LocalSystem","Share Process"
"sacsvr","Special Administration Console Helper","Manual","Stopped","C:\WINDOWS\System32\svchost.exe -k netsvcs -p","Allows administrators to remotely access a command prompt using Emergency Management Services.","LocalSystem","Share Process"
"SamSs","Security Accounts Manager","Auto","Running","C:\WINDOWS\system32\lsass.exe","The startup of this service signals other services that the Security Accounts Manager (SAM) is ready to accept requests.  Disabling this service will prevent other services in the system from being notified when the SAM is ready, which may in turn cause those services to fail to start correctly. This service should not be disabled.","LocalSystem","Share Process"
"SCardSvr","Smart Card","Manual","Stopped","C:\WINDOWS\system32\svchost.exe -k LocalServiceAndNoImpersonation","Manages access to smart cards read by this computer. If this service is stopped, this computer will be unable to read smart cards. If this service is disabled, any services that explicitly depend on it will fail to start.","NT AUTHORITY\LocalService","Share Process"
"ScDeviceEnum","Smart Card Device Enumeration Service","Manual","Stopped","C:\WINDOWS\system32\svchost.exe -k LocalSystemNetworkRestricted","Creates software device nodes for all smart card readers accessible to a given session. If this service is disabled, WinRT APIs will not be able to enumerate smart card readers.","LocalSystem","Share Process"
"Schedule","Task Scheduler","Auto","Running","C:\WINDOWS\system32\svchost.exe -k netsvcs -p","Enables a user to configure and schedule automated tasks on this computer. The service also hosts multiple Windows system-critical tasks. If this service is stopped or disabled, these tasks will not be run at their scheduled times. If this service is disabled, any services that explicitly depend on it will fail to start.","LocalSystem","Share Process"
"SCPolicySvc","Smart Card Removal Policy","Manual","Stopped","C:\WINDOWS\system32\svchost.exe -k netsvcs","Allows the system to be configured to lock the user desktop upon smart card removal.","LocalSystem","Share Process"
"seclogon","Secondary Logon","Manual","Stopped","C:\WINDOWS\system32\svchost.exe -k netsvcs -p","Enables starting processes under alternate credentials. If this service is stopped, this type of logon access will be unavailable. If this service is disabled, any services that explicitly depend on it will fail to start.","LocalSystem","Share Process"
"SecurityHealthService","Windows Security Service","Manual","Running","C:\WINDOWS\system32\SecurityHealthService.exe","Windows Security Service handles unified device protection and health information","LocalSystem","Own Process"
"SEMgrSvc","Payments and NFC/SE Manager","Manual","Stopped","C:\WINDOWS\system32\svchost.exe -k LocalService -p","Manages payments and Near Field Communication (NFC) based secure elements.","NT AUTHORITY\LocalService","Own Process"
"SENS","System Event Notification Service","Auto","Running","C:\WINDOWS\system32\svchost.exe -k netsvcs -p","Monitors system events and notifies subscribers to COM+ Event System of these events.","LocalSystem","Share Process"
"Sense","Windows Defender Advanced Threat Protection Service","Manual","Stopped","""C:\Program Files\Windows Defender Advanced Threat Protection\MsSense.exe""","Windows Defender Advanced Threat Protection service helps protect against advanced threats by monitoring and reporting security events that happen on the computer.","LocalSystem","Own Process"
"SensorDataService","Sensor Data Service","Manual","Stopped","C:\WINDOWS\System32\SensorDataService.exe","Delivers data from a variety of sensors","LocalSystem","Own Process"
"SensorService","Sensor Service","Manual","Stopped","C:\WINDOWS\system32\svchost.exe -k LocalSystemNetworkRestricted -p","A service for sensors that manages different sensors' functionality. Manages Simple Device Orientation (SDO) and History for sensors. Loads the SDO sensor that reports device orientation changes.  If this service is stopped or disabled, the SDO sensor will not be loaded and so auto-rotation will not occur. History collection from Sensors will also be stopped.","LocalSystem","Share Process"
"SensrSvc","Sensor Monitoring Service","Manual","Stopped","C:\WINDOWS\system32\svchost.exe -k LocalServiceAndNoImpersonation -p","Monitors various sensors in order to expose data and adapt to system and user state.  If this service is stopped or disabled, the display brightness will not adapt to lighting conditions. Stopping this service may affect other system functionality and features as well.","NT AUTHORITY\LocalService","Share Process"
"SessionEnv","Remote Desktop Configuration","Manual","Stopped","C:\WINDOWS\System32\svchost.exe -k netsvcs -p","Remote Desktop Configuration service (RDCS) is responsible for all Remote Desktop Services and Remote Desktop related configuration and session maintenance activities that require SYSTEM context. These include per-session temporary folders, RD themes, and RD certificates.","localSystem","Share Process"
"SgrmBroker","System Guard Runtime Monitor Broker","Disabled","Stopped","C:\WINDOWS\system32\Sgrm\SgrmBroker.exe","Monitors and attests to the integrity of the Windows platform.","LocalSystem","Own Process"
"SharedAccess","Internet Connection Sharing (ICS)","Manual","Stopped","C:\WINDOWS\System32\svchost.exe -k netsvcs -p","Provides network address translation, addressing, name resolution and/or intrusion prevention services for a home or small office network.","LocalSystem","Share Process"
"ShellHWDetection","Shell Hardware Detection","Auto","Running","C:\WINDOWS\System32\svchost.exe -k netsvcs -p","Provides notifications for AutoPlay hardware events.","LocalSystem","Share Process"
"shpamsvc","Shared PC Account Manager","Disabled","Stopped","C:\WINDOWS\System32\svchost.exe -k netsvcs -p","Manages profiles and accounts on a SharedPC configured device","LocalSystem","Share Process"
"smphost","Microsoft Storage Spaces SMP","Manual","Stopped","C:\WINDOWS\System32\svchost.exe -k smphost","Host service for the Microsoft Storage Spaces management provider. If this service is stopped or disabled, Storage Spaces cannot be managed.","NT AUTHORITY\NetworkService","Own Process"
"SNMPTrap","SNMP Trap","Manual","Stopped","C:\WINDOWS\System32\snmptrap.exe","Receives trap messages generated by local or remote Simple Network Management Protocol (SNMP) agents and forwards the messages to SNMP management programs running on this computer. If this service is stopped, SNMP-based programs on this computer will not receive SNMP trap messages. If this service is disabled, any services that explicitly depend on it will fail to start.","NT AUTHORITY\LocalService","Own Process"
"Spooler","Print Spooler","Auto","Running","C:\WINDOWS\System32\spoolsv.exe","This service spools print jobs and handles interaction with the printer.  If you turn off this service, you won't be able to print or see your printers.","LocalSystem","Own Process"
"sppsvc","Software Protection","Auto","Running","C:\WINDOWS\system32\sppsvc.exe","Enables the download, installation and enforcement of digital licenses for Windows and Windows applications. If the service is disabled, the operating system and licensed applications may run in a notification mode. It is strongly recommended that you not disable the Software Protection service.","NT AUTHORITY\NetworkService","Own Process"
"SSDPSRV","SSDP Discovery","Disabled","Stopped","C:\WINDOWS\system32\svchost.exe -k LocalServiceAndNoImpersonation -p","Discovers networked devices and services that use the SSDP discovery protocol, such as UPnP devices. Also announces SSDP devices and services running on the local computer. If this service is stopped, SSDP-based devices will not be discovered. If this service is disabled, any services that explicitly depend on it will fail to start.","NT AUTHORITY\LocalService","Share Process"
"ssh-agent","OpenSSH Authentication Agent","Disabled","Stopped","C:\WINDOWS\System32\OpenSSH\ssh-agent.exe","Agent to hold private keys used for public key authentication.","LocalSystem","Own Process"
"sshd","OpenSSH SSH Server","Manual","Stopped","C:\WINDOWS\System32\OpenSSH\sshd.exe","SSH protocol based service to provide secure encrypted communications between two untrusted hosts over an insecure network.","LocalSystem","Own Process"
"SstpSvc","Secure Socket Tunneling Protocol Service","Manual","Stopped","C:\WINDOWS\system32\svchost.exe -k LocalService -p","Provides support for the Secure Socket Tunneling Protocol (SSTP) to connect to remote computers using VPN. If this service is disabled, users will not be able to use SSTP to access remote servers.","NT Authority\LocalService","Share Process"
"StateRepository","State Repository Service","Auto","Running","C:\WINDOWS\system32\svchost.exe -k appmodel -p","Provides required infrastructure support for the application model.","LocalSystem","Share Process"
"StiSvc","Windows Image Acquisition (WIA)","Manual","Stopped","C:\WINDOWS\system32\svchost.exe -k imgsvc","Provides image acquisition services for scanners and cameras","NT Authority\LocalService","Own Process"
"StorSvc","Storage Service","Auto","Running","C:\WINDOWS\System32\svchost.exe -k LocalSystemNetworkRestricted -p","Provides enabling services for storage settings and external storage expansion","LocalSystem","Share Process"
"svsvc","Spot Verifier","Manual","Stopped","C:\WINDOWS\system32\svchost.exe -k LocalSystemNetworkRestricted -p","Verifies potential file system corruptions.","LocalSystem","Share Process"
"swprv","Microsoft Software Shadow Copy Provider","Manual","Stopped","C:\WINDOWS\System32\svchost.exe -k swprv","Manages software-based volume shadow copies taken by the Volume Shadow Copy service. If this service is stopped, software-based volume shadow copies cannot be managed. If this service is disabled, any services that explicitly depend on it will fail to start.","LocalSystem","Own Process"
"SysMain","SysMain","Auto","Running","C:\WINDOWS\system32\svchost.exe -k LocalSystemNetworkRestricted -p","Maintains and improves system performance over time.","LocalSystem","Share Process"
"SystemEventsBroker","System Events Broker","Auto","Running","C:\WINDOWS\system32\svchost.exe -k DcomLaunch -p","Coordinates execution of background work for WinRT application. If this service is stopped or disabled, then background work might not be triggered.","LocalSystem","Share Process"
"tapisrv","Telephony","Manual","Stopped","C:\WINDOWS\System32\svchost.exe -k NetworkService -p","Provides Telephony API (TAPI) support for programs that control telephony devices on the local computer and, through the LAN, on servers that are also running the service.","NT AUTHORITY\NetworkService","Share Process"
"TermService","Remote Desktop Services","Manual","Stopped","C:\WINDOWS\System32\svchost.exe -k termsvcs","Allows users to connect interactively to a remote computer. Remote Desktop and Remote Desktop Session Host Server depend on this service.  To prevent remote use of this computer, clear the checkboxes on the Remote tab of the System properties control panel item.","NT Authority\NetworkService","Share Process"
"TextInputManagementService","Text Input Management Service","Auto","Running","C:\WINDOWS\System32\svchost.exe -k LocalSystemNetworkRestricted -p","Enables text input, expressive input, touch keyboard, handwriting, and IMEs.","LocalSystem","Share Process"
"Themes","Themes","Auto","Running","C:\WINDOWS\System32\svchost.exe -k netsvcs -p","Provides user experience theme management.","LocalSystem","Share Process"
"TieringEngineService","Storage Tiers Management","Manual","Stopped","C:\WINDOWS\system32\TieringEngineService.exe","Optimizes the placement of data in storage tiers on all tiered storage spaces in the system.","localSystem","Own Process"
"TimeBrokerSvc","Time Broker","Manual","Running","C:\WINDOWS\system32\svchost.exe -k LocalServiceNetworkRestricted -p","Coordinates execution of background work for WinRT application. If this service is stopped or disabled, then background work might not be triggered.","NT AUTHORITY\LocalService","Share Process"
"TokenBroker","Web Account Manager","Manual","Running","C:\WINDOWS\system32\svchost.exe -k netsvcs -p","This service is used by Web Account Manager to provide single-sign-on to apps and services.","LocalSystem","Share Process"
"TrkWks","Distributed Link Tracking Client","Auto","Running","C:\WINDOWS\System32\svchost.exe -k LocalSystemNetworkRestricted -p","Maintains links between NTFS files within a computer or across computers in a network.","LocalSystem","Share Process"
"TrustedInstaller","Windows Modules Installer","Manual","Stopped","C:\WINDOWS\servicing\TrustedInstaller.exe","Enables installation, modification, and removal of Windows updates and optional components. If this service is disabled, install or uninstall of Windows updates might fail for this computer.","localSystem","Own Process"
"tzautoupdate","Auto Time Zone Updater","Disabled","Stopped","C:\WINDOWS\system32\svchost.exe -k LocalService -p","Automatically sets the system time zone.","NT AUTHORITY\LocalService","Share Process"
"UALSVC","User Access Logging Service","Auto","Running","C:\WINDOWS\system32\svchost.exe -k LocalSystemNetworkRestricted -p","This service logs unique client access requests, in the form of IP addresses and user names, of installed products and roles on the local server. This information can be queried, via Powershell, by administrators needing to quantify client demand of server software for offline Client Access License (CAL) management. If the service is disabled, client requests will not be logged and will not be retrievable via Powershell queries. Stopping the service will not affect query of historical data (see supporting documentation for steps to delete historical data). The local system administrator must consult his, or her, Windows Server license terms to determine the number of CALs that are required for the server software to be appropriately licensed; use of the UAL service and data does not alter this obligation.","LocalSystem","Share Process"
"UevAgentService","User Experience Virtualization Service","Disabled","Stopped","C:\WINDOWS\system32\AgentService.exe","Provides support for application and OS settings roaming","LocalSystem","Own Process"
"UmRdpService","Remote Desktop Services UserMode Port Redirector","Manual","Stopped","C:\WINDOWS\System32\svchost.exe -k LocalSystemNetworkRestricted -p","Allows the redirection of Printers/Drives/Ports for RDP connections","localSystem","Share Process"
"upnphost","UPnP Device Host","Disabled","Stopped","C:\WINDOWS\system32\svchost.exe -k LocalServiceAndNoImpersonation -p","Allows UPnP devices to be hosted on this computer. If this service is stopped, any hosted UPnP devices will stop functioning and no additional hosted devices can be added. If this service is disabled, any services that explicitly depend on it will fail to start.","NT AUTHORITY\LocalService","Share Process"
"UserManager","User Manager","Auto","Running","C:\WINDOWS\system32\svchost.exe -k netsvcs -p","User Manager provides the runtime components required for multi-user interaction.  If this service is stopped, some applications may not operate correctly.","LocalSystem","Share Process"
"UsoSvc","Update Orchestrator Service","Auto","Running","C:\WINDOWS\system32\svchost.exe -k netsvcs -p","Manages Windows Updates. If stopped, your devices will not be able to download and install the latest updates.","LocalSystem","Share Process"
"VaultSvc","Credential Manager","Manual","Running","C:\WINDOWS\system32\lsass.exe","Provides secure storage and retrieval of credentials to users, applications and security service packages.","LocalSystem","Share Process"
"vds","Virtual Disk","Manual","Stopped","C:\WINDOWS\System32\vds.exe","Provides management services for disks, volumes, file systems, and storage arrays.","LocalSystem","Own Process"
"vmicguestinterface","Hyper-V Guest Service Interface","Manual","Stopped","C:\WINDOWS\system32\svchost.exe -k LocalSystemNetworkRestricted -p","Provides an interface for the Hyper-V host to interact with specific services running inside the virtual machine.","LocalSystem","Share Process"
"vmicheartbeat","Hyper-V Heartbeat Service","Manual","Stopped","C:\WINDOWS\system32\svchost.exe -k ICService -p","Monitors the state of this virtual machine by reporting a heartbeat at regular intervals. This service helps you identify running virtual machines that have stopped responding.","LocalSystem","Share Process"
"vmickvpexchange","Hyper-V Data Exchange Service","Manual","Stopped","C:\WINDOWS\system32\svchost.exe -k LocalSystemNetworkRestricted -p","Provides a mechanism to exchange data between the virtual machine and the operating system running on the physical computer.","LocalSystem","Share Process"
"vmicrdv","Hyper-V Remote Desktop Virtualization Service","Manual","Stopped","C:\WINDOWS\system32\svchost.exe -k ICService -p","Provides a platform for communication between the virtual machine and the operating system running on the physical computer.","LocalSystem","Share Process"
"vmicshutdown","Hyper-V Guest Shutdown Service","Manual","Stopped","C:\WINDOWS\system32\svchost.exe -k LocalSystemNetworkRestricted -p","Provides a mechanism to shut down the operating system of this virtual machine from the management interfaces on the physical computer.","LocalSystem","Share Process"
"vmictimesync","Hyper-V Time Synchronization Service","Manual","Stopped","C:\WINDOWS\system32\svchost.exe -k LocalServiceNetworkRestricted -p","Synchronizes the system time of this virtual machine with the system time of the physical computer.","NT AUTHORITY\LocalService","Share Process"
"vmicvmsession","Hyper-V PowerShell Direct Service","Manual","Stopped","C:\WINDOWS\system32\svchost.exe -k LocalSystemNetworkRestricted -p","Provides a mechanism to manage virtual machine with PowerShell via VM session without a virtual network.","LocalSystem","Share Process"
"vmicvss","Hyper-V Volume Shadow Copy Requestor","Manual","Stopped","C:\WINDOWS\system32\svchost.exe -k LocalSystemNetworkRestricted -p","Coordinates the communications that are required to use Volume Shadow Copy Service to back up applications and data on this virtual machine from the operating system on the physical computer.","LocalSystem","Share Process"
"VSS","Volume Shadow Copy","Manual","Stopped","C:\WINDOWS\system32\vssvc.exe","Manages and implements Volume Shadow Copies used for backup and other purposes. If this service is stopped, shadow copies will be unavailable for backup and the backup may fail. If this service is disabled, any services that explicitly depend on it will fail to start.","LocalSystem","Own Process"
"W32Time","Windows Time","Auto","Running","C:\WINDOWS\system32\svchost.exe -k LocalService","Maintains date and time synchronization on all clients and servers in the network. If this service is stopped, date and time synchronization will be unavailable. If this service is disabled, any services that explicitly depend on it will fail to start.","NT AUTHORITY\LocalService","Share Process"
"WaaSMedicSvc","WaaSMedicSvc","Manual","Running","C:\WINDOWS\system32\svchost.exe -k wusvcs -p",,"LocalSystem","Share Process"
"WalletService","WalletService","Manual","Stopped","C:\WINDOWS\System32\svchost.exe -k appmodel -p","Hosts objects used by clients of the wallet","LocalSystem","Share Process"
"WarpJITSvc","Warp JIT Service","Manual","Stopped","C:\WINDOWS\System32\svchost.exe -k LocalServiceNetworkRestricted","Enables JIT compilation support in d3d10warp.dll for processes in which code generation is disabled.","NT Authority\LocalService","Own Process"
"WbioSrvc","Windows Biometric Service","Manual","Stopped","C:\WINDOWS\system32\svchost.exe -k WbioSvcGroup","The Windows biometric service gives client applications the ability to capture, compare, manipulate, and store biometric data without gaining direct access to any biometric hardware or samples. The service is hosted in a privileged SVCHOST process.","LocalSystem","Share Process"
"Wcmsvc","Windows Connection Manager","Auto","Running","C:\WINDOWS\system32\svchost.exe -k LocalServiceNetworkRestricted -p -s Wcmsvc","Makes automatic connect and disconnect decisions based on the network connectivity options currently available to the PC and enables management of network connectivity based on Group Policy settings.","NT Authority\LocalService","Own Process"
"wcncsvc","Windows Connect Now - Config Registrar","Manual","Stopped","C:\WINDOWS\System32\svchost.exe -k LocalServiceAndNoImpersonation -p","WCNCSVC hosts the Windows Connect Now Configuration which is Microsoft's Implementation of Wireless Protected Setup (WPS) protocol. This is used to configure Wireless LAN settings for an Access Point (AP) or a Wireless Device. The service is started programmatically as needed.","NT AUTHORITY\LocalService","Share Process"
"WdiServiceHost","Diagnostic Service Host","Manual","Stopped","C:\WINDOWS\System32\svchost.exe -k LocalService -p","The Diagnostic Service Host is used by the Diagnostic Policy Service to host diagnostics that need to run in a Local Service context.  If this service is stopped, any diagnostics that depend on it will no longer function.","NT AUTHORITY\LocalService","Share Process"
"WdiSystemHost","Diagnostic System Host","Manual","Running","C:\WINDOWS\System32\svchost.exe -k LocalSystemNetworkRestricted -p","The Diagnostic System Host is used by the Diagnostic Policy Service to host diagnostics that need to run in a Local System context.  If this service is stopped, any diagnostics that depend on it will no longer function.","LocalSystem","Share Process"
"WdNisSvc","Microsoft Defender Antivirus Network Inspection Service","Manual","Running","""C:\Program Files\Windows Defender\NisSrv.exe""","Helps guard against intrusion attempts targeting known and newly discovered vulnerabilities in network protocols","NT AUTHORITY\LocalService","Own Process"
"Wecsvc","Windows Event Collector","Manual","Stopped","C:\WINDOWS\system32\svchost.exe -k NetworkService -p","This service manages persistent subscriptions to events from remote sources that support WS-Management protocol. This includes Windows Vista event logs, hardware and IPMI-enabled event sources. The service stores forwarded events in a local Event Log. If this service is stopped or disabled event subscriptions cannot be created and forwarded events cannot be accepted.","NT AUTHORITY\NetworkService","Share Process"
"WEPHOSTSVC","Windows Encryption Provider Host Service","Manual","Stopped","C:\WINDOWS\system32\svchost.exe -k WepHostSvcGroup","Windows Encryption Provider Host Service brokers encryption related functionalities from 3rd Party Encryption Providers to processes that need to evaluate and apply EAS policies. Stopping this will compromise EAS compliancy checks that have been established by the connected Mail Accounts","NT AUTHORITY\LocalService","Share Process"
"wercplsupport","Problem Reports Control Panel Support","Manual","Stopped","C:\WINDOWS\System32\svchost.exe -k netsvcs -p","This service provides support for viewing, sending and deletion of system-level problem reports for the Problem Reports control panel.","localSystem","Share Process"
"WerSvc","Windows Error Reporting Service","Manual","Stopped","C:\WINDOWS\System32\svchost.exe -k WerSvcGroup","Allows errors to be reported when programs stop working or responding and allows existing solutions to be delivered. Also allows logs to be generated for diagnostic and repair services. If this service is stopped, error reporting might not work correctly and results of diagnostic services and repairs might not be displayed.","localSystem","Own Process"
"WFDSConMgrSvc","Wi-Fi Direct Services Connection Manager Service","Manual","Stopped","C:\WINDOWS\system32\svchost.exe -k LocalServiceNetworkRestricted -p","Manages connections to wireless services, including wireless display and docking.","NT AUTHORITY\LocalService","Share Process"
"WiaRpc","Still Image Acquisition Events","Manual","Stopped","C:\WINDOWS\system32\svchost.exe -k LocalSystemNetworkRestricted -p","Launches applications associated with still image acquisition events.","LocalSystem","Share Process"
"WinDefend","Microsoft Defender Antivirus Service","Auto","Running","""C:\Program Files\Windows Defender\MsMpEng.exe""","Helps protect users from malware and other potentially unwanted software","LocalSystem","Own Process"
"WinHttpAutoProxySvc","WinHTTP Web Proxy Auto-Discovery Service","Manual","Running","C:\WINDOWS\system32\svchost.exe -k LocalServiceNetworkRestricted -p","WinHTTP implements the client HTTP stack and provides developers with a Win32 API and COM Automation component for sending HTTP requests and receiving responses. In addition, WinHTTP provides support for auto-discovering a proxy configuration via its implementation of the Web Proxy Auto-Discovery (WPAD) protocol.","NT AUTHORITY\LocalService","Share Process"
"Winmgmt","Windows Management Instrumentation","Auto","Running","C:\WINDOWS\system32\svchost.exe -k netsvcs -p","Provides a common interface and object model to access management information about operating system, devices, applications and services. If this service is stopped, most Windows-based software will not function properly. If this service is disabled, any services that explicitly depend on it will fail to start.","localSystem","Share Process"
"WinRM","Windows Remote Management (WS-Management)","Auto","Running","C:\WINDOWS\System32\svchost.exe -k NetworkService -p","Windows Remote Management (WinRM) service implements the WS-Management protocol for remote management. WS-Management is a standard web services protocol used for remote software and hardware management. The WinRM service listens on the network for WS-Management requests and processes them. The WinRM Service needs to be configured with a listener using winrm.cmd command line tool or through Group Policy in order for it to listen over the network. The WinRM service provides access to WMI data and enables event collection. Event collection and subscription to events require that the service is running. WinRM messages use HTTP and HTTPS as transports. The WinRM service does not depend on IIS but is preconfigured to share a port with IIS on the same machine.  The WinRM service reserves the /wsman URL prefix. To prevent conflicts with IIS, administrators should ensure that any websites hosted on IIS do not use the /wsman URL prefix.","NT AUTHORITY\NetworkService","Share Process"
"wisvc","Windows Insider Service","Manual","Stopped","C:\WINDOWS\system32\svchost.exe -k netsvcs -p","Provides infrastructure support for the Windows Insider Program. This service must remain enabled for the Windows Insider Program to work.","LocalSystem","Share Process"
"WlanSvc","WLAN AutoConfig","Manual","Stopped","C:\WINDOWS\system32\svchost.exe -k WlansvcGroup","The WLANSVC service provides the logic required to configure, discover, connect to, and disconnect from a wireless local area network (WLAN) as defined by IEEE 802.11 standards. It also contains the logic to turn your computer into a software access point so that other devices or computers can connect to your computer wirelessly using a WLAN adapter that can support this. Stopping or disabling the WLANSVC service will make all WLAN adapters on your computer inaccessible from the Windows networking UI. It is strongly recommended that you have the WLANSVC service running if your computer has a WLAN adapter.","LocalSystem","Share Process"
"wlidsvc","Microsoft Account Sign-in Assistant","Manual","Running","C:\WINDOWS\system32\svchost.exe -k netsvcs -p","Enables user sign-in through Microsoft account identity services. If this service is stopped, users will not be able to logon to the computer with their Microsoft account.","LocalSystem","Share Process"
"WLMS","Windows Licensing Monitoring Service","Auto","Running","C:\WINDOWS\system32\wlms\wlms.exe","This service monitors the Windows software license state.","LocalSystem","Own Process"
"WManSvc","WManSvc","Manual","Stopped","C:\WINDOWS\system32\svchost.exe -k netsvcs -p",,"LocalSystem","Share Process"
"wmiApSrv","WMI Performance Adapter","Manual","Stopped","C:\WINDOWS\system32\wbem\WmiApSrv.exe","Provides performance library information from Windows Management Instrumentation (WMI) providers to clients on the network. This service only runs when Performance Data Helper is activated.","localSystem","Own Process"
"WMPNetworkSvc","Windows Media Player Network Sharing Service","Manual","Stopped","""C:\Program Files\Windows Media Player\wmpnetwk.exe""","Shares Windows Media Player libraries to other networked players and media devices using Universal Plug and Play","NT AUTHORITY\NetworkService","Own Process"
"workfolderssvc","Work Folders","Manual","Stopped","C:\WINDOWS\System32\svchost.exe -k LocalService -p","This service syncs files with the Work Folders server, enabling you to use the files on any of the PCs and devices on which you've set up Work Folders.","NT AUTHORITY\LocalService","Share Process"
"WPDBusEnum","Portable Device Enumerator Service","Manual","Stopped","C:\WINDOWS\system32\svchost.exe -k LocalSystemNetworkRestricted","Enforces group policy for removable mass-storage devices. Enables applications such as Windows Media Player and Image Import Wizard to transfer and synchronize content using removable mass-storage devices.","LocalSystem","Share Process"
"WpnService","Windows Push Notifications System Service","Auto","Running","C:\WINDOWS\system32\svchost.exe -k netsvcs -p","This service runs in session 0 and hosts the notification platform and connection provider which handles the connection between the device and WNS server.","LocalSystem","Share Process"
"WSAIFabricSvc","WSAIFabricSvc","Manual","Stopped","C:\WINDOWS\system32\svchost.exe -k WSAIFabricSvcGroup -p","Provides support to communicate with AIFabric in Local service context over COM.","NT AUTHORITY\LocalService","Share Process"
"WSearch","Windows Search","Disabled","Stopped","C:\WINDOWS\system32\SearchIndexer.exe /Embedding","Provides content indexing, property caching, and search results for files, e-mail, and other content.","LocalSystem","Own Process"
"wuauserv","Windows Update","Manual","Stopped","C:\WINDOWS\system32\svchost.exe -k netsvcs -p","Enables the detection, download, and installation of updates for Windows and other programs. If this service is disabled, users of this computer will not be able to use Windows Update or its automatic updating feature, and programs will not be able to use the Windows Update Agent (WUA) API.","LocalSystem","Share Process"
"XblAuthManager","XblAuthManager","Manual","Stopped","C:\WINDOWS\system32\svchost.exe -k netsvcs -p",,"LocalSystem","Share Process"
"PrintNotify","Printer Extensions and Notifications","Manual","Stopped","C:\WINDOWS\system32\svchost.exe -k print","This service opens custom printer dialog boxes and handles notifications from a remote print server or a printer. If you turn off this service, you won?t be able to see printer extensions or notifications.","LocalSystem","Share Process"
"BluetoothUserService_195265","BluetoothUserService_195265","Manual","Stopped","C:\WINDOWS\system32\svchost.exe -k BthAppGroup -p",,,"Unknown"
"CaptureService_195265","CaptureService_195265","Manual","Stopped","C:\WINDOWS\system32\svchost.exe -k LocalService -p","Enables optional screen capture functionality for applications that call the Windows.Graphics.Capture API.",,"Unknown"
"cbdhsvc_195265","Clipboard User Service_195265","Auto","Running","C:\WINDOWS\system32\svchost.exe -k ClipboardSvcGroup -p","This user service is used for Clipboard scenarios",,"Unknown"
"CDPUserSvc_195265","Connected Devices Platform User Service_195265","Auto","Running","C:\WINDOWS\system32\svchost.exe -k UnistackSvcGroup","This user service is used for Connected Devices Platform scenarios",,"Unknown"
"CloudBackupRestoreSvc_195265","CloudBackupRestoreSvc_195265","Manual","Stopped","C:\WINDOWS\system32\svchost.exe -k UnistackSvcGroup",,,"Unknown"
"ConsentUxUserSvc_195265","ConsentUX User Service_195265","Manual","Stopped","C:\WINDOWS\system32\svchost.exe -k DevicesFlow","Allows the system to request user consent to allow apps to access sensitive resources and information such as the device's location",,"Unknown"
"CredentialEnrollmentManagerUserSvc_195265","CredentialEnrollmentManagerUserSvc_195265","Manual","Stopped","C:\WINDOWS\system32\CredentialEnrollmentManager.exe","Credential Enrollment Manager",,"Unknown"
"DeviceAssociationBrokerSvc_195265","DeviceAssociationBroker_195265","Manual","Stopped","C:\WINDOWS\system32\svchost.exe -k DevicesFlow -p","Enables apps to pair devices",,"Unknown"
"DevicePickerUserSvc_195265","DevicePicker_195265","Manual","Stopped","C:\WINDOWS\system32\svchost.exe -k DevicesFlow","This user service is used for managing the Miracast, DLNA, and DIAL UI",,"Unknown"
"DevicesFlowUserSvc_195265","DevicesFlow_195265","Manual","Stopped","C:\WINDOWS\system32\svchost.exe -k DevicesFlow","Allows ConnectUX and PC Settings to Connect and Pair with WiFi displays and Bluetooth devices.",,"Unknown"
"NPSMSvc_195265","Now Playing Session Manager Service_195265","Manual","Stopped","C:\WINDOWS\system32\svchost.exe -k LocalService -p","This service hosts the Now Playing Session Manager used for Media Scenarios",,"Unknown"
"OneSyncSvc_195265","Sync Host_195265","Auto","Running","C:\WINDOWS\system32\svchost.exe -k UnistackSvcGroup","This service synchronizes mail, contacts, calendar and various other user data. Mail and other applications dependent on this functionality will not work properly when this service is not running.",,"Unknown"
"P9RdrService_195265","P9RdrService_195265","Manual","Stopped","C:\WINDOWS\system32\svchost.exe -k P9RdrService -p","Enables trigger-starting plan9 file servers.",,"Unknown"
"PimIndexMaintenanceSvc_195265","Contact Data_195265","Manual","Stopped","C:\WINDOWS\system32\svchost.exe -k UnistackSvcGroup","Indexes contact data for fast contact searching. If you stop or disable this service, contacts might be missing from your search results.",,"Unknown"
"PrintWorkflowUserSvc_195265","PrintWorkflow_195265","Manual","Stopped","C:\WINDOWS\system32\svchost.exe -k PrintWorkflow","Provides support for Print Workflow applications. If you turn off this service, you may not be able to print successfully.",,"Unknown"
"UdkUserSvc_195265","Udk User Service_195265","Manual","Running","C:\WINDOWS\system32\svchost.exe -k UdkSvcGroup","Shell components service",,"Unknown"
"UnistoreSvc_195265","User Data Storage_195265","Manual","Stopped","C:\WINDOWS\System32\svchost.exe -k UnistackSvcGroup","Handles storage of structured user data, including contact info, calendars, messages, and other content. If you stop or disable this service, apps that use this data might not work correctly.",,"Unknown"
"UserDataSvc_195265","User Data Access_195265","Manual","Stopped","C:\WINDOWS\system32\svchost.exe -k UnistackSvcGroup","Provides apps access to structured user data, including contact info, calendars, messages, and other content. If you stop or disable this service, apps that use this data might not work correctly.",,"Unknown"
"WpnUserService_195265","Windows Push Notifications User Service_195265","Auto","Running","C:\WINDOWS\system32\svchost.exe -k UnistackSvcGroup","This service hosts Windows notification platform which provides support for local and push notifications. Supported notifications are tile, toast and raw.",,"Unknown"
